{
  "0": {
    "id": 0,
    "abbr": "A",
    "name": "Alpha Time Zone",
    "offset": 3600
  },
  "1": {
    "id": 1,
    "abbr": "ACDT",
    "name": "Australian Central Daylight Time",
    "offset": 37800
  },
  "2": {
    "id": 2,
    "abbr": "ACST",
    "name": "Australian Central Standard Time",
    "offset": 34200
  },
  "3": {
    "id": 3,
    "abbr": "ACT",
    "name": "Acre Time",
    "offset": -18000
  },
  "4": {
    "id": 4,
    "abbr": "ACT",
    "name": "Australian Central Time",
    "offset": 34200
  },
  "5": {
    "id": 5,
    "abbr": "ACWST",
    "name": "Australian Central Western Standard Time",
    "offset": 31500
  },
  "6": {
    "id": 6,
    "abbr": "ADT",
    "name": "Arabia Daylight Time",
    "offset": 14400
  },
  "7": {
    "id": 7,
    "abbr": "ADT",
    "name": "Atlantic Daylight Time",
    "offset": -10800
  },
  "8": {
    "id": 8,
    "abbr": "AEDT",
    "name": "Australian Eastern Daylight Time",
    "offset": 39600
  },
  "9": {
    "id": 9,
    "abbr": "AEST",
    "name": "Australian Eastern Standard Time",
    "offset": 36000
  },
  "10": {
    "id": 10,
    "abbr": "AET",
    "name": "Australian Eastern Time",
    "offset": 36000
  },
  "11": {
    "id": 11,
    "abbr": "AFT",
    "name": "Afghanistan Time",
    "offset": 16200
  },
  "12": {
    "id": 12,
    "abbr": "AKDT",
    "name": "Alaska Daylight Time",
    "offset": -28800
  },
  "13": {
    "id": 13,
    "abbr": "AKST",
    "name": "Alaska Standard Time",
    "offset": -32400
  },
  "14": {
    "id": 14,
    "abbr": "ALMT",
    "name": "Alma-Ata Time",
    "offset": 21600
  },
  "15": {
    "id": 15,
    "abbr": "AMST",
    "name": "Amazon Summer Time",
    "offset": -10800
  },
  "16": {
    "id": 16,
    "abbr": "AMST",
    "name": "Armenia Summer Time",
    "offset": 18000
  },
  "17": {
    "id": 17,
    "abbr": "AMT",
    "name": "Amazon Time",
    "offset": -14400
  },
  "18": {
    "id": 18,
    "abbr": "AMT",
    "name": "Armenia Time",
    "offset": 14400
  },
  "19": {
    "id": 19,
    "abbr": "ANAST",
    "name": "Anadyr Summer Time",
    "offset": 43200
  },
  "20": {
    "id": 20,
    "abbr": "ANAT",
    "name": "Anadyr Time",
    "offset": 43200
  },
  "21": {
    "id": 21,
    "abbr": "AQTT",
    "name": "Aqtobe Time",
    "offset": 18000
  },
  "22": {
    "id": 22,
    "abbr": "ART",
    "name": "Argentina Time",
    "offset": -10800
  },
  "23": {
    "id": 23,
    "abbr": "AST",
    "name": "Arabia Standard Time",
    "offset": 10800
  },
  "24": {
    "id": 24,
    "abbr": "AST",
    "name": "Atlantic Standard Time",
    "offset": -14400
  },
  "25": {
    "id": 25,
    "abbr": "AT",
    "name": "Atlantic Time",
    "offset": -14400
  },
  "26": {
    "id": 26,
    "abbr": "AWDT",
    "name": "Australian Western Daylight Time",
    "offset": 32400
  },
  "27": {
    "id": 27,
    "abbr": "AWST",
    "name": "Australian Western Standard Time",
    "offset": 28800
  },
  "28": {
    "id": 28,
    "abbr": "AZOST",
    "name": "Azores Summer Time",
    "offset": 0
  },
  "29": {
    "id": 29,
    "abbr": "AZOT",
    "name": "Azores Time",
    "offset": -3600
  },
  "30": {
    "id": 30,
    "abbr": "AZST",
    "name": "Azerbaijan Summer Time",
    "offset": 18000
  },
  "31": {
    "id": 31,
    "abbr": "AZT",
    "name": "Azerbaijan Time",
    "offset": 14400
  },
  "32": {
    "id": 32,
    "abbr": "AoE",
    "name": "Anywhere on Earth",
    "offset": -43200
  },
  "33": {
    "id": 33,
    "abbr": "B",
    "name": "Bravo Time Zone",
    "offset": 7200
  },
  "34": {
    "id": 34,
    "abbr": "BNT",
    "name": "Brunei Darussalam Time",
    "offset": 28800
  },
  "35": {
    "id": 35,
    "abbr": "BOT",
    "name": "Bolivia Time",
    "offset": -14400
  },
  "36": {
    "id": 36,
    "abbr": "BRST",
    "name": "Brasília Summer Time",
    "offset": -7200
  },
  "37": {
    "id": 37,
    "abbr": "BRT",
    "name": "Brasília Time",
    "offset": -10800
  },
  "38": {
    "id": 38,
    "abbr": "BST",
    "name": "Bangladesh Standard Time",
    "offset": 21600
  },
  "39": {
    "id": 39,
    "abbr": "BST",
    "name": "Bougainville Standard Time",
    "offset": 39600
  },
  "40": {
    "id": 40,
    "abbr": "BST",
    "name": "British Summer Time",
    "offset": 3600
  },
  "41": {
    "id": 41,
    "abbr": "BTT",
    "name": "Bhutan Time",
    "offset": 21600
  },
  "42": {
    "id": 42,
    "abbr": "C",
    "name": "Charlie Time Zone",
    "offset": 10800
  },
  "43": {
    "id": 43,
    "abbr": "CAST",
    "name": "Casey Time",
    "offset": 28800
  },
  "44": {
    "id": 44,
    "abbr": "CAT",
    "name": "Central Africa Time",
    "offset": 7200
  },
  "45": {
    "id": 45,
    "abbr": "CCT",
    "name": "Cocos Islands Time",
    "offset": 23400
  },
  "46": {
    "id": 46,
    "abbr": "CDT",
    "name": "Central Daylight Time",
    "offset": -18000
  },
  "47": {
    "id": 47,
    "abbr": "CDT",
    "name": "Cuba Daylight Time",
    "offset": -14400
  },
  "48": {
    "id": 48,
    "abbr": "CEST",
    "name": "Central European Summer Time",
    "offset": 7200
  },
  "49": {
    "id": 49,
    "abbr": "CET",
    "name": "Central European Time",
    "offset": 3600
  },
  "50": {
    "id": 50,
    "abbr": "CHADT",
    "name": "Chatham Island Daylight Time",
    "offset": 49500
  },
  "51": {
    "id": 51,
    "abbr": "CHAST",
    "name": "Chatham Island Standard Time",
    "offset": 45900
  },
  "52": {
    "id": 52,
    "abbr": "CHOST",
    "name": "Choibalsan Summer Time",
    "offset": 32400
  },
  "53": {
    "id": 53,
    "abbr": "CHOT",
    "name": "Choibalsan Time",
    "offset": 28800
  },
  "54": {
    "id": 54,
    "abbr": "CHUT",
    "name": "Chuuk Time",
    "offset": 36000
  },
  "55": {
    "id": 55,
    "abbr": "CIDST",
    "name": "Cayman Islands Daylight Saving Time",
    "offset": -14400
  },
  "56": {
    "id": 56,
    "abbr": "CIST",
    "name": "Cayman Islands Standard Time",
    "offset": -18000
  },
  "57": {
    "id": 57,
    "abbr": "CKT",
    "name": "Cook Island Time",
    "offset": -36000
  },
  "58": {
    "id": 58,
    "abbr": "CLST",
    "name": "Chile Summer Time",
    "offset": -10800
  },
  "59": {
    "id": 59,
    "abbr": "CLT",
    "name": "Chile Standard Time",
    "offset": -14400
  },
  "60": {
    "id": 60,
    "abbr": "COT",
    "name": "Colombia Time",
    "offset": -18000
  },
  "61": {
    "id": 61,
    "abbr": "CST",
    "name": "Central Standard Time",
    "offset": -21600
  },
  "62": {
    "id": 62,
    "abbr": "CST",
    "name": "China Standard Time",
    "offset": 28800
  },
  "63": {
    "id": 63,
    "abbr": "CST",
    "name": "Cuba Standard Time",
    "offset": -18000
  },
  "64": {
    "id": 64,
    "abbr": "CT",
    "name": "Central Time",
    "offset": -21600
  },
  "65": {
    "id": 65,
    "abbr": "CVT",
    "name": "Cape Verde Time",
    "offset": -3600
  },
  "66": {
    "id": 66,
    "abbr": "CXT",
    "name": "Christmas Island Time",
    "offset": 25200
  },
  "67": {
    "id": 67,
    "abbr": "ChST",
    "name": "Chamorro Standard Time",
    "offset": 36000
  },
  "68": {
    "id": 68,
    "abbr": "D",
    "name": "Delta Time Zone",
    "offset": 14400
  },
  "69": {
    "id": 69,
    "abbr": "DAVT",
    "name": "Davis Time",
    "offset": 25200
  },
  "70": {
    "id": 70,
    "abbr": "DDUT",
    "name": "Dumont-d'Urville Time",
    "offset": 36000
  },
  "71": {
    "id": 71,
    "abbr": "E",
    "name": "Echo Time Zone",
    "offset": 18000
  },
  "72": {
    "id": 72,
    "abbr": "EASST",
    "name": "Easter Island Summer Time",
    "offset": -18000
  },
  "73": {
    "id": 73,
    "abbr": "EAST",
    "name": "Easter Island Standard Time",
    "offset": -21600
  },
  "74": {
    "id": 74,
    "abbr": "EAT",
    "name": "Eastern Africa Time",
    "offset": 10800
  },
  "75": {
    "id": 75,
    "abbr": "ECT",
    "name": "Ecuador Time",
    "offset": -18000
  },
  "76": {
    "id": 76,
    "abbr": "EDT",
    "name": "Eastern Daylight Time",
    "offset": -14400
  },
  "77": {
    "id": 77,
    "abbr": "EEST",
    "name": "Eastern European Summer Time",
    "offset": 10800
  },
  "78": {
    "id": 78,
    "abbr": "EET",
    "name": "Eastern European Time",
    "offset": 7200
  },
  "79": {
    "id": 79,
    "abbr": "EGST",
    "name": "Eastern Greenland Summer Time",
    "offset": 0
  },
  "80": {
    "id": 80,
    "abbr": "EGT",
    "name": "East Greenland Time",
    "offset": -3600
  },
  "81": {
    "id": 81,
    "abbr": "EST",
    "name": "Eastern Standard Time",
    "offset": -18000
  },
  "82": {
    "id": 82,
    "abbr": "ET",
    "name": "Eastern Time",
    "offset": -18000
  },
  "83": {
    "id": 83,
    "abbr": "F",
    "name": "Foxtrot Time Zone",
    "offset": 21600
  },
  "84": {
    "id": 84,
    "abbr": "FET",
    "name": "Further-Eastern European Time",
    "offset": 10800
  },
  "85": {
    "id": 85,
    "abbr": "FJST",
    "name": "Fiji Summer Time",
    "offset": 46800
  },
  "86": {
    "id": 86,
    "abbr": "FJT",
    "name": "Fiji Time",
    "offset": 43200
  },
  "87": {
    "id": 87,
    "abbr": "FKST",
    "name": "Falkland Islands Summer Time",
    "offset": -10800
  },
  "88": {
    "id": 88,
    "abbr": "FKT",
    "name": "Falkland Island Time",
    "offset": -14400
  },
  "89": {
    "id": 89,
    "abbr": "FNT",
    "name": "Fernando de Noronha Time",
    "offset": -7200
  },
  "90": {
    "id": 90,
    "abbr": "G",
    "name": "Golf Time Zone",
    "offset": 25200
  },
  "91": {
    "id": 91,
    "abbr": "GALT",
    "name": "Galapagos Time",
    "offset": -21600
  },
  "92": {
    "id": 92,
    "abbr": "GAMT",
    "name": "Gambier Time",
    "offset": -32400
  },
  "93": {
    "id": 93,
    "abbr": "GET",
    "name": "Georgia Standard Time",
    "offset": 14400
  },
  "94": {
    "id": 94,
    "abbr": "GFT",
    "name": "French Guiana Time",
    "offset": -10800
  },
  "95": {
    "id": 95,
    "abbr": "GILT",
    "name": "Gilbert Island Time",
    "offset": 43200
  },
  "96": {
    "id": 96,
    "abbr": "GMT",
    "name": "Greenwich Mean Time",
    "offset": 0
  },
  "97": {
    "id": 97,
    "abbr": "GST",
    "name": "Gulf Standard Time",
    "offset": 14400
  },
  "98": {
    "id": 98,
    "abbr": "GST",
    "name": "South Georgia Time",
    "offset": -7200
  },
  "99": {
    "id": 99,
    "abbr": "GYT",
    "name": "Guyana Time",
    "offset": -14400
  },
  "100": {
    "id": 100,
    "abbr": "H",
    "name": "Hotel Time Zone",
    "offset": 28800
  },
  "101": {
    "id": 101,
    "abbr": "HDT",
    "name": "Hawaii-Aleutian Daylight Time",
    "offset": -32400
  },
  "102": {
    "id": 102,
    "abbr": "HKT",
    "name": "Hong Kong Time",
    "offset": 28800
  },
  "103": {
    "id": 103,
    "abbr": "HOVST",
    "name": "Hovd Summer Time",
    "offset": 28800
  },
  "104": {
    "id": 104,
    "abbr": "HOVT",
    "name": "Hovd Time",
    "offset": 25200
  },
  "105": {
    "id": 105,
    "abbr": "HST",
    "name": "Hawaii Standard Time",
    "offset": -36000
  },
  "106": {
    "id": 106,
    "abbr": "I",
    "name": "India Time Zone",
    "offset": 32400
  },
  "107": {
    "id": 107,
    "abbr": "ICT",
    "name": "Indochina Time",
    "offset": 25200
  },
  "108": {
    "id": 108,
    "abbr": "IDT",
    "name": "Israel Daylight Time",
    "offset": 10800
  },
  "109": {
    "id": 109,
    "abbr": "IOT",
    "name": "Indian Chagos Time",
    "offset": 21600
  },
  "110": {
    "id": 110,
    "abbr": "IRDT",
    "name": "Iran Daylight Time",
    "offset": 16200
  },
  "111": {
    "id": 111,
    "abbr": "IRKST",
    "name": "Irkutsk Summer Time",
    "offset": 32400
  },
  "112": {
    "id": 112,
    "abbr": "IRKT",
    "name": "Irkutsk Time",
    "offset": 28800
  },
  "113": {
    "id": 113,
    "abbr": "IRST",
    "name": "Iran Standard Time",
    "offset": 12600
  },
  "114": {
    "id": 114,
    "abbr": "IST",
    "name": "India Standard Time",
    "offset": 19800
  },
  "115": {
    "id": 115,
    "abbr": "IST",
    "name": "Irish Standard Time",
    "offset": 3600
  },
  "116": {
    "id": 116,
    "abbr": "IST",
    "name": "Israel Standard Time",
    "offset": 7200
  },
  "117": {
    "id": 117,
    "abbr": "JST",
    "name": "Japan Standard Time",
    "offset": 32400
  },
  "118": {
    "id": 118,
    "abbr": "K",
    "name": "Kilo Time Zone",
    "offset": 36000
  },
  "119": {
    "id": 119,
    "abbr": "KGT",
    "name": "Kyrgyzstan Time",
    "offset": 21600
  },
  "120": {
    "id": 120,
    "abbr": "KOST",
    "name": "Kosrae Time",
    "offset": 39600
  },
  "121": {
    "id": 121,
    "abbr": "KRAST",
    "name": "Krasnoyarsk Summer Time",
    "offset": 28800
  },
  "122": {
    "id": 122,
    "abbr": "KRAT",
    "name": "Krasnoyarsk Time",
    "offset": 25200
  },
  "123": {
    "id": 123,
    "abbr": "KST",
    "name": "Korea Standard Time",
    "offset": 32400
  },
  "124": {
    "id": 124,
    "abbr": "KUYT",
    "name": "Kuybyshev Time",
    "offset": 14400
  },
  "125": {
    "id": 125,
    "abbr": "L",
    "name": "Lima Time Zone",
    "offset": 39600
  },
  "126": {
    "id": 126,
    "abbr": "LHDT",
    "name": "Lord Howe Daylight Time",
    "offset": 39600
  },
  "127": {
    "id": 127,
    "abbr": "LHST",
    "name": "Lord Howe Standard Time",
    "offset": 37800
  },
  "128": {
    "id": 128,
    "abbr": "LINT",
    "name": "Line Islands Time",
    "offset": 50400
  },
  "129": {
    "id": 129,
    "abbr": "M",
    "name": "Mike Time Zone",
    "offset": 43200
  },
  "130": {
    "id": 130,
    "abbr": "MAGST",
    "name": "Magadan Summer Time",
    "offset": 43200
  },
  "131": {
    "id": 131,
    "abbr": "MAGT",
    "name": "Magadan Time",
    "offset": 39600
  },
  "132": {
    "id": 132,
    "abbr": "MART",
    "name": "Marquesas Time",
    "offset": -30600
  },
  "133": {
    "id": 133,
    "abbr": "MAWT",
    "name": "Mawson Time",
    "offset": 18000
  },
  "134": {
    "id": 134,
    "abbr": "MDT",
    "name": "Mountain Daylight Time",
    "offset": -21600
  },
  "135": {
    "id": 135,
    "abbr": "MHT",
    "name": "Marshall Islands Time",
    "offset": 43200
  },
  "136": {
    "id": 136,
    "abbr": "MMT",
    "name": "Myanmar Time",
    "offset": 23400
  },
  "137": {
    "id": 137,
    "abbr": "MSD",
    "name": "Moscow Daylight Time",
    "offset": 14400
  },
  "138": {
    "id": 138,
    "abbr": "MSK",
    "name": "Moscow Standard Time",
    "offset": 10800
  },
  "139": {
    "id": 139,
    "abbr": "MST",
    "name": "Mountain Standard Time",
    "offset": -25200
  },
  "140": {
    "id": 140,
    "abbr": "MT",
    "name": "Mountain Time",
    "offset": -25200
  },
  "141": {
    "id": 141,
    "abbr": "MUT",
    "name": "Mauritius Time",
    "offset": 14400
  },
  "142": {
    "id": 142,
    "abbr": "MVT",
    "name": "Maldives Time",
    "offset": 18000
  },
  "143": {
    "id": 143,
    "abbr": "MYT",
    "name": "Malaysia Time",
    "offset": 28800
  },
  "144": {
    "id": 144,
    "abbr": "N",
    "name": "November Time Zone",
    "offset": -3600
  },
  "145": {
    "id": 145,
    "abbr": "NCT",
    "name": "New Caledonia Time",
    "offset": 39600
  },
  "146": {
    "id": 146,
    "abbr": "NDT",
    "name": "Newfoundland Daylight Time",
    "offset": -5400
  },
  "147": {
    "id": 147,
    "abbr": "NFDT",
    "name": "Norfolk Daylight Time",
    "offset": 43200
  },
  "148": {
    "id": 148,
    "abbr": "NFT",
    "name": "Norfolk Time",
    "offset": 39600
  },
  "149": {
    "id": 149,
    "abbr": "NOVST",
    "name": "Novosibirsk Summer Time",
    "offset": 25200
  },
  "150": {
    "id": 150,
    "abbr": "NOVT",
    "name": "Novosibirsk Time",
    "offset": 25200
  },
  "151": {
    "id": 151,
    "abbr": "NPT",
    "name": "Nepal Time",
    "offset": 20700
  },
  "152": {
    "id": 152,
    "abbr": "NRT",
    "name": "Nauru Time",
    "offset": 43200
  },
  "153": {
    "id": 153,
    "abbr": "NST",
    "name": "Newfoundland Standard Time",
    "offset": -9000
  },
  "154": {
    "id": 154,
    "abbr": "NUT",
    "name": "Niue Time",
    "offset": -39600
  },
  "155": {
    "id": 155,
    "abbr": "NZDT",
    "name": "New Zealand Daylight Time",
    "offset": 46800
  },
  "156": {
    "id": 156,
    "abbr": "NZST",
    "name": "New Zealand Standard Time",
    "offset": 43200
  },
  "157": {
    "id": 157,
    "abbr": "O",
    "name": "Oscar Time Zone",
    "offset": -7200
  },
  "158": {
    "id": 158,
    "abbr": "OMSST",
    "name": "Omsk Summer Time",
    "offset": 25200
  },
  "159": {
    "id": 159,
    "abbr": "OMST",
    "name": "Omsk Standard Time",
    "offset": 21600
  },
  "160": {
    "id": 160,
    "abbr": "ORAT",
    "name": "Oral Time",
    "offset": 18000
  },
  "161": {
    "id": 161,
    "abbr": "P",
    "name": "Papa Time Zone",
    "offset": -10800
  },
  "162": {
    "id": 162,
    "abbr": "PDT",
    "name": "Pacific Daylight Time",
    "offset": -25200
  },
  "163": {
    "id": 163,
    "abbr": "PET",
    "name": "Peru Time",
    "offset": -18000
  },
  "164": {
    "id": 164,
    "abbr": "PETST",
    "name": "Kamchatka Summer Time",
    "offset": 43200
  },
  "165": {
    "id": 165,
    "abbr": "PETT",
    "name": "Kamchatka Time",
    "offset": 43200
  },
  "166": {
    "id": 166,
    "abbr": "PGT",
    "name": "Papua New Guinea Time",
    "offset": 36000
  },
  "167": {
    "id": 167,
    "abbr": "PHOT",
    "name": "Phoenix Island Time",
    "offset": 46800
  },
  "168": {
    "id": 168,
    "abbr": "PHT",
    "name": "Philippine Time",
    "offset": 28800
  },
  "169": {
    "id": 169,
    "abbr": "PKT",
    "name": "Pakistan Standard Time",
    "offset": 18000
  },
  "170": {
    "id": 170,
    "abbr": "PMDT",
    "name": "Pierre & Miquelon Daylight Time",
    "offset": -7200
  },
  "171": {
    "id": 171,
    "abbr": "PMST",
    "name": "Pierre & Miquelon Standard Time",
    "offset": -10800
  },
  "172": {
    "id": 172,
    "abbr": "PONT",
    "name": "Pohnpei Standard Time",
    "offset": 39600
  },
  "173": {
    "id": 173,
    "abbr": "PST",
    "name": "Pacific Standard Time",
    "offset": -28800
  },
  "174": {
    "id": 174,
    "abbr": "PST",
    "name": "Pitcairn Standard Time",
    "offset": -28800
  },
  "175": {
    "id": 175,
    "abbr": "PT",
    "name": "Pacific Time",
    "offset": -28800
  },
  "176": {
    "id": 176,
    "abbr": "PWT",
    "name": "Palau Time",
    "offset": 32400
  },
  "177": {
    "id": 177,
    "abbr": "PYST",
    "name": "Paraguay Summer Time",
    "offset": -10800
  },
  "178": {
    "id": 178,
    "abbr": "PYT",
    "name": "Paraguay Time",
    "offset": -14400
  },
  "179": {
    "id": 179,
    "abbr": "PYT",
    "name": "Pyongyang Time",
    "offset": 30600
  },
  "180": {
    "id": 180,
    "abbr": "Q",
    "name": "Quebec Time Zone",
    "offset": -14400
  },
  "181": {
    "id": 181,
    "abbr": "QYZT",
    "name": "Qyzylorda Time",
    "offset": 21600
  },
  "182": {
    "id": 182,
    "abbr": "R",
    "name": "Romeo Time Zone",
    "offset": -18000
  },
  "183": {
    "id": 183,
    "abbr": "RET",
    "name": "Reunion Time",
    "offset": 14400
  },
  "184": {
    "id": 184,
    "abbr": "ROTT",
    "name": "Rothera Time",
    "offset": -10800
  },
  "185": {
    "id": 185,
    "abbr": "S",
    "name": "Sierra Time Zone",
    "offset": -21600
  },
  "186": {
    "id": 186,
    "abbr": "SAKT",
    "name": "Sakhalin Time",
    "offset": 39600
  },
  "187": {
    "id": 187,
    "abbr": "SAMT",
    "name": "Samara Time",
    "offset": 14400
  },
  "188": {
    "id": 188,
    "abbr": "SAST",
    "name": "South Africa Standard Time",
    "offset": 7200
  },
  "189": {
    "id": 189,
    "abbr": "SBT",
    "name": "Solomon Islands Time",
    "offset": 39600
  },
  "190": {
    "id": 190,
    "abbr": "SCT",
    "name": "Seychelles Time",
    "offset": 14400
  },
  "191": {
    "id": 191,
    "abbr": "SGT",
    "name": "Singapore Time",
    "offset": 28800
  },
  "192": {
    "id": 192,
    "abbr": "SRET",
    "name": "Srednekolymsk Time",
    "offset": 39600
  },
  "193": {
    "id": 193,
    "abbr": "SRT",
    "name": "Suriname Time",
    "offset": -10800
  },
  "194": {
    "id": 194,
    "abbr": "SST",
    "name": "Samoa Standard Time",
    "offset": -39600
  },
  "195": {
    "id": 195,
    "abbr": "SYOT",
    "name": "Syowa Time",
    "offset": 10800
  },
  "196": {
    "id": 196,
    "abbr": "T",
    "name": "Tango Time Zone",
    "offset": -25200
  },
  "197": {
    "id": 197,
    "abbr": "TAHT",
    "name": "Tahiti Time",
    "offset": -36000
  },
  "198": {
    "id": 198,
    "abbr": "TFT",
    "name": "French Southern and Antarctic Time",
    "offset": 18000
  },
  "199": {
    "id": 199,
    "abbr": "TJT",
    "name": "Tajikistan Time",
    "offset": 18000
  },
  "200": {
    "id": 200,
    "abbr": "TKT",
    "name": "Tokelau Time",
    "offset": 46800
  },
  "201": {
    "id": 201,
    "abbr": "TLT",
    "name": "East Timor Time",
    "offset": 32400
  },
  "202": {
    "id": 202,
    "abbr": "TMT",
    "name": "Turkmenistan Time",
    "offset": 18000
  },
  "203": {
    "id": 203,
    "abbr": "TOST",
    "name": "Tonga Summer Time",
    "offset": 50400
  },
  "204": {
    "id": 204,
    "abbr": "TOT",
    "name": "Tonga Time",
    "offset": 46800
  },
  "205": {
    "id": 205,
    "abbr": "TRT",
    "name": "Turkey Time",
    "offset": 10800
  },
  "206": {
    "id": 206,
    "abbr": "TVT",
    "name": "Tuvalu Time",
    "offset": 43200
  },
  "207": {
    "id": 207,
    "abbr": "U",
    "name": "Uniform Time Zone",
    "offset": -28800
  },
  "208": {
    "id": 208,
    "abbr": "ULAST",
    "name": "Ulaanbaatar Summer Time",
    "offset": 32400
  },
  "209": {
    "id": 209,
    "abbr": "ULAT",
    "name": "Ulaanbaatar Time",
    "offset": 28800
  },
  "210": {
    "id": 210,
    "abbr": "UTC",
    "name": "Coordinated Universal Time",
    "offset": 0
  },
  "211": {
    "id": 211,
    "abbr": "UYST",
    "name": "Uruguay Summer Time",
    "offset": -7200
  },
  "212": {
    "id": 212,
    "abbr": "UYT",
    "name": "Uruguay Time",
    "offset": -10800
  },
  "213": {
    "id": 213,
    "abbr": "UZT",
    "name": "Uzbekistan Time",
    "offset": 18000
  },
  "214": {
    "id": 214,
    "abbr": "V",
    "name": "Victor Time Zone",
    "offset": -32400
  },
  "215": {
    "id": 215,
    "abbr": "VET",
    "name": "Venezuelan Standard Time",
    "offset": -14400
  },
  "216": {
    "id": 216,
    "abbr": "VLAST",
    "name": "Vladivostok Summer Time",
    "offset": 39600
  },
  "217": {
    "id": 217,
    "abbr": "VLAT",
    "name": "Vladivostok Time",
    "offset": 36000
  },
  "218": {
    "id": 218,
    "abbr": "VOST",
    "name": "Vostok Time",
    "offset": 21600
  },
  "219": {
    "id": 219,
    "abbr": "VUT",
    "name": "Vanuatu Time",
    "offset": 39600
  },
  "220": {
    "id": 220,
    "abbr": "W",
    "name": "Whiskey Time Zone",
    "offset": -36000
  },
  "221": {
    "id": 221,
    "abbr": "WAKT",
    "name": "Wake Time",
    "offset": 43200
  },
  "222": {
    "id": 222,
    "abbr": "WARST",
    "name": "Western Argentine Summer Time",
    "offset": -10800
  },
  "223": {
    "id": 223,
    "abbr": "WAST",
    "name": "West Africa Summer Time",
    "offset": 7200
  },
  "224": {
    "id": 224,
    "abbr": "WAT",
    "name": "West Africa Time",
    "offset": 3600
  },
  "225": {
    "id": 225,
    "abbr": "WEST",
    "name": "Western European Summer Time",
    "offset": 3600
  },
  "226": {
    "id": 226,
    "abbr": "WET",
    "name": "Western European Time",
    "offset": 0
  },
  "227": {
    "id": 227,
    "abbr": "WFT",
    "name": "Wallis and Futuna Time",
    "offset": 43200
  },
  "228": {
    "id": 228,
    "abbr": "WGST",
    "name": "Western Greenland Summer Time",
    "offset": -7200
  },
  "229": {
    "id": 229,
    "abbr": "WGT",
    "name": "West Greenland Time",
    "offset": -10800
  },
  "230": {
    "id": 230,
    "abbr": "WIB",
    "name": "Western Indonesian Time",
    "offset": 25200
  },
  "231": {
    "id": 231,
    "abbr": "WIT",
    "name": "Eastern Indonesian Time",
    "offset": 32400
  },
  "232": {
    "id": 232,
    "abbr": "WITA",
    "name": "Central Indonesian Time",
    "offset": 28800
  },
  "233": {
    "id": 233,
    "abbr": "WST",
    "name": "West Samoa Time",
    "offset": 50400
  },
  "234": {
    "id": 234,
    "abbr": "WST",
    "name": "Western Sahara Summer Time",
    "offset": 3600
  },
  "235": {
    "id": 235,
    "abbr": "WT",
    "name": "Western Sahara Standard Time",
    "offset": 0
  },
  "236": {
    "id": 236,
    "abbr": "X",
    "name": "X-ray Time Zone",
    "offset": -39600
  },
  "237": {
    "id": 237,
    "abbr": "Y",
    "name": "Yankee Time Zone",
    "offset": -43200
  },
  "238": {
    "id": 238,
    "abbr": "YAKST",
    "name": "Yakutsk Summer Time",
    "offset": 36000
  },
  "239": {
    "id": 239,
    "abbr": "YAKT",
    "name": "Yakutsk Time",
    "offset": 32400
  },
  "240": {
    "id": 240,
    "abbr": "YAPT",
    "name": "Yap Time",
    "offset": 36000
  },
  "241": {
    "id": 241,
    "abbr": "YEKST",
    "name": "Yekaterinburg Summer Time",
    "offset": 21600
  },
  "242": {
    "id": 242,
    "abbr": "YEKT",
    "name": "Yekaterinburg Time",
    "offset": 18000
  },
  "243": {
    "id": 243,
    "abbr": "Z",
    "name": "Zulu Time Zone",
    "offset": 0
  }
}